File,LastModTime
.\TargetSource\src\main\java\org\dtu\analysis\arrays\NaiveArrays.java,1699006741.7746115
.\TargetSource\src\main\java\org\dtu\analysis\arrays\SortingArrays.java,1699006741.7746115
.\TargetSource\src\main\java\org\dtu\analysis\control\Conditions.java,1699006741.775612
.\TargetSource\src\main\java\org\dtu\analysis\control\Loops.java,1699006741.775612
.\TargetSource\src\main\java\org\dtu\analysis\controlChanges1\ConditionsChanges1.java,1699006741.775612
.\TargetSource\src\main\java\org\dtu\analysis\controlChanges1\LoopsChanges1.java,1699006741.776613
.\TargetSource\src\main\java\org\dtu\analysis\controlChanges2\ConditionsChanges2.java,1699006741.776613
.\TargetSource\src\main\java\org\dtu\analysis\controlChanges2\LoopsChanges2.java,1699006741.776613
.\TargetSource\src\main\java\org\dtu\analysis\controlChanges3\ConditionsChanges3.java,1699006741.777615
.\TargetSource\src\main\java\org\dtu\analysis\controlChanges3\LoopsChanges3.java,1699006741.777615
.\TargetSource\src\main\java\org\dtu\analysis\example\Main.java,1699006741.7786112
.\TargetSource\src\main\java\org\dtu\analysis\relations\Basic.java,1699006741.7786112
.\TargetSource\src\main\java\org\dtu\analysis\relations\Composed.java,1699006741.7796104
.\TargetSource\src\main\java\org\dtu\analysis\relations\Invoker.java,1699006741.7796104
.\TargetSource\src\main\java\org\dtu\analysis\relations\Offspring.java,1699006741.7796104
.\TargetSource\src\main\java\org\dtu\analysis\relations\Overrider.java,1699006741.7796104
.\TargetSource\src\main\java\org\dtu\analysis\relations\Chosen.java,1699006741.7806115
.\TargetSource\src\main\java\org\dtu\analysis\vector\Mat3x3.java,1699006741.7806115
.\TargetSource\src\main\java\org\dtu\analysis\vector\Vec3.java,1699006741.7806115
.\TargetSource\src\main\java\org\dtu\analysis\vector\Scene.java,1699006741.7806115
